{"cameraMode":{"drawMode":0,"name":"Shaded","section":"Shading Mode"},"sceneLighting":true,"audioPlay":false,"sceneViewState":{"showFog":true,"showMaterialUpdate":false,"showSkybox":true,"showFlares":true,"showImageEffects":true,"showParticleSystems":true},"in2DMode":false,"pivot":{"x":-27.453758239746095,"y":16.23015594482422,"z":-15.829093933105469},"rotation":{"x":0.17601299285888673,"y":0.6332617402076721,"z":-0.15094313025474549,"w":0.7383975982666016},"size":8.606176376342774,"orthographic":false}